taxid,abbreviation,genome,organism_name,num_introns_bootstrap,sum_CDS_length,intron_per_kb_Malin
1003232,Eaed,Edhazardia_aedis_usnm_41457.Edha_aedis_V4b,Edhazardia aedis USNM 41457,0,175034,0.00
100787,Vlon,Verticillium_longisporum_gca_001268165.vl2.denovo.v1,Verticillium longisporum,731,976078,0.75
1016849,Esid,Exophiala_sideris.Exop_side_CBS121828_V1,Exophiala sideris,407,1036354,0.39
1034331,Egos,Ashbya_gossypii_fdag1.ASM96883v1,Eremothecium gossypii FDAG1,5,918947,0.01
1036808,Scit,Scleroderma_citrinum_foug_a.Scleroderma_citrinum_Foug_A_v1_0,Scleroderma citrinum Foug A,3707,966922,3.83
1037528,Napi,Nosema_apis_brl_01.NapisBRLv01,Nosema apis BRL 01,3,87421,0.03
1037660,Tano,Tilletiaria_anomala_ubc_951.Tilletiaria_anomala_UBC_951_v1_0,Tilletiaria anomala UBC 951,1487,1045266,1.42
1041607,Wcif,Wickerhamomyces_ciferrii.ASM31348v1,Wickerhamomyces ciferrii,41,954130,0.04
1043002,Apul,Aureobasidium_pullulans_exf_150.Aureobasidium_pullulans_var_pullulans_EXF-150_assembly_version_1_0,Aureobasidium pullulans EXF-150,535,1002782,0.53
1043627,Hminn,Hirsutella_minnesotensis_3608.ASM95604v1,Hirsutella minnesotensis 3608,352,625279,0.56
1043628,Dste,Drechslerella_stenobrocha_248.DREv1,Drechslerella stenobrocha 248,1054,714810,1.47
1047168,Zbre,Zymoseptoria_brevis.ASM96659v1,Zymoseptoria brevis,371,1046139,0.35
1051891,Tcal,Tulasnella_calospora_mut_4182.Tulasnella_calospora_AL13_4D_v1_0,Tulasnella calospora MUT 4182,3518,869166,4.05
1069201,Aluc,Aspergillus_luchuensis.AspL_2604,Aspergillus luchuensis,628,1000465,0.63
1069680,Pmur,Pneumocystis_murina_b123.Pneumo_murina_B123_V4,Pneumocystis murina B123,2622,717004,3.66
1071380,Tbla,Tetrapisispora_blattae_cbs_6284.ASM31591v1,Tetrapisispora blattae CBS 6284,2,952224,0.00
1072389,Mbru,Marssonina_brunnea_f_sp_multigermtubi_mb_m1.ASM29877v1,Marssonina brunnea f. sp. 'multigermtubi' MB_m1,708,1073963,0.66
1076935,Pomp,Pyronema_omphalodes_cbs_100304.Pcon_v1,Pyronema omphalodes CBS 100304,1066,1015294,1.05
1086054,Rsol,Rhizoctonia_solani_ag_3_rhs1ap.Rhizoctonia_solani_AG-3,Rhizoctonia solani AG-3 Rhs1AP,3862,970737,3.98
1089452,Foxy,Fusarium_oxysporum_f_sp_melonis_26406.FO_melonis_V1,Fusarium oxysporum f. sp. melonis 26406,542,1031923,0.53
1095629,Lame,Laccaria_amethystina_laam_08_1.Laccaria_amethystina_LaAM-08-1_v1_0,Laccaria amethystina LaAM-08-1,3798,988727,3.84
1111077,Cpur,Claviceps_purpurea_20_1.ASM34735v1,Claviceps purpurea 20.1,549,1022232,0.54
1116229,Gloz,Glarea_lozoyensis_atcc_20868.GLAREA,Glarea lozoyensis ATCC 20868,612,1045969,0.59
1124627,Bbru,Brettanomyces_bruxellensis_awri1499.AWRI1499_v1.0,Brettanomyces bruxellensis AWRI1499,13,558463,0.02
1126212,Mpha,Macrophomina_phaseolina_ms6.MphMS6_1.0,Macrophomina phaseolina MS6,670,997667,0.67
1128425,Fhep,Fistulina_hepatica_atcc_64428.Fishe1,Fistulina hepatica ATCC 64428,2948,728445,4.05
113226,Pmus,Pseudocercospora_musae.ASM157822v1,Pseudocercospora musae,310,980782,0.32
1137138,Post,Pleurotus_ostreatus_pc15.PleosPC15_2,Pleurotus ostreatus PC15,3654,926550,3.94
1159556,Uvir,Ustilaginoidea_virens.Assembly_for_version_1_of_the_Villosiclava_virens_genome,Ustilaginoidea virens,503,1014385,0.50
1160507,Sarb,Saccharomyces_arboricola_h_6.SacArb1.0,Saccharomyces arboricola H-6,0,705607,0.00
1163406,Toph,Tolypocladium_ophioglossoides_cbs_100239.Tophv1.0,Tolypocladium ophioglossoides CBS 100239,539,1046500,0.52
1165861,Pstr,Puccinia_striiformis_f_sp_tritici_pst_78.P_striiformis_V1,Puccinia striiformis f. sp. tritici PST-78,3184,1031658,3.09
1168221,Capo,Coniosporium_apollinis_cbs_100218.Coni_apol_CBS100218__V1,Coniosporium apollinis CBS 100218,748,1038863,0.72
1173061,Gcan,Geotrichum_candidum.New2.3_08062011,Geotrichum candidum,183,971745,0.19
1173701,Ssub,Colletotrichum_sublineola.ASM69613v1,Colletotrichum sublineola,578,1026362,0.56
1178016,Erom,Encephalitozoon_romaleae_sj_2008.ASM28003v2,Encephalitozoon romaleae SJ-2008,0,202802,0.00
1182541,Ccor,Capronia_coronata_cbs_617_96.Capr_coro_CBS_617_96_V1,Capronia coronata CBS 617.96,389,1040580,0.37
1182542,Cepi,Capronia_epimyces_cbs_606_96.Capr_epim_CBS_606_96_V1,Capronia epimyces CBS 606.96,378,1037197,0.36
1182543,Cpsa,Cladophialophora_psammophila_cbs_110553.Clad_psam_CBS_110553_V1,Cladophialophora psammophila CBS 110553,400,1039703,0.38
1182545,Eaqu,Exophiala_aquamarina_cbs_119918.Exop_aqua_CBS_119918_V1,Exophiala aquamarina CBS 119918,356,1027689,0.35
120017,Uhor,Ustilago_hordei.ASM28603v1,Ustilago hordei,117,1140092,0.10
1209931,Csal,Colletotrichum_salicis.CSAL01,Colletotrichum salicis,575,1041194,0.55
1213857,Corb,Colletotrichum_orbiculare.GCA_000350065.1,Colletotrichum orbiculare MAFF 240422,604,1035978,0.58
1213859,Cfru,Colletotrichum_gloeosporioides.GCA_000319635.1,Colletotrichum fructicola Nara gc5,643,997565,0.64
1214573,Damp,Diaporthe_ampelina.UCDDA912v1.0,Diaporthe ampelina,593,929655,0.64
1215334,Trub,Trichophyton_rubrum_cbs_202_88.Tric_raub_CBS_202_88_V2,Trichophyton rubrum CBS 202.88,649,961182,0.68
1220162,Tasa,Trichosporon_asahii_var_asahii_cbs_8904.ASM29921v2,Trichosporon asahii var. asahii CBS 8904,932,969265,0.96
1220924,Ceur,Cyphellophora_europaea_cbs_101466.Phia_euro_CBS_101466_V1,Cyphellophora europaea CBS 101466,358,1029329,0.35
1220926,Mcir,Mucor_circinelloides_f_circinelloides_1006phl.Muco_sp_1006Ph_V1,Mucor circinelloides f. circinelloides 1006PhL,1724,912204,1.89
1229662,Pfic,Pestalotiopsis_fici_w106_1.PFICI,Pestalotiopsis fici W106-1,485,1020952,0.48
1230383,Msym,Malassezia_sympodialis_atcc_42132.ASM34930v2,Malassezia sympodialis ATCC 42132,226,758558,0.30
1240240,Aalg,Anncaliia_algerae_pra109.Annc_alge_PRA109_V4,Anncaliia algerae PRA109,0,62121,0.00
1245528,Cmal,Candida_maltosa_xu316.Cmaltosa_v01,Candida maltosa Xu316,37,953917,0.04
1245769,Llan,Lachancea_lanzarotensis.LALA0,Lachancea lanzarotensis,11,933329,0.01
1246595,Huva,Hanseniaspora_uvarum_dsm_2768.Huva2.0,Hanseniaspora uvarum DSM 2768,0,512155,0.00
1262450,Opic,Ophiostoma_piceae_uamh_11346.Opiceae_UAMHv01,Ophiostoma piceae UAMH 11346,334,1081152,0.31
1263082,Lcor,Lichtheimia_corymbifera_jmrc_fsu_9682.454Minimus,Lichtheimia corymbifera JMRC:FSU:9682,2735,871442,3.14
1263415,Epus,Endocarpon_pusillum_z07020.EPUS,Endocarpon pusillum Z07020,452,1044271,0.43
1276136,Metgui,Metarhizium_guizhouense_arsef_977.MGU_1.0,Metarhizium guizhouense ARSEF 977,514,999348,0.51
1277687,Aflo,Anthracocystis_flocculosa_pf_1.Pflocc_1.0,Anthracocystis flocculosa PF-1,623,789739,0.79
1279043,Ccar,Cladophialophora_carrionii_cbs_160_54.Clad_carr_CBS_160_54_V1,Cladophialophora carrionii CBS 160.54,401,1038207,0.39
1280837,Mmil,Meira_miltonrushii,Meira miltonrushii,96,963475,0.10
1284197,Dhap,Dactylellina_haptotyla_cbs_200_50.MHA_v2,Dactylellina haptotyla CBS 200.50,1362,1043926,1.30
1286976,Pmin,Phaeoacremonium_minimum_ucrpa7.UCRPA7V03,Phaeoacremonium minimum UCRPA7,575,885806,0.65
1287680,Npar,Neofusicoccum_parvum_ucrnp2.UCRNP2V3,Neofusicoccum parvum UCRNP2,741,874403,0.85
1287681,Elat,Eutypa_lata_ucrel1.UCREL1V03,Eutypa lata UCREL1,632,891002,0.71
1299270,Wich,Wallemia_ichthyophaga_exf_994.Wallemia_ichthyophaga_version_1_0,Wallemia ichthyophaga EXF-994,1214,898470,1.35
1305764,Phub,Pseudozyma_hubeiensis_sy62.ASM40351v1,Pseudozyma hubeiensis SY62,66,1143474,0.06
1306850,Tspe,Termitomyces_sp_j132.TerJ1321.0,Termitomyces sp. J132,3611,947410,3.81
1314674,Ctor,Cylindrobasidium_torrendii_fp15055_ss_10.Cylto1,Cylindrobasidium torrendii FP15055 ss-10,2938,967196,3.04
1328760,Xhev,Xylona_heveae_tc161.Xylona_heveae_TC161_v1_0,Xylona heveae TC161,979,1018189,0.96
1344414,Tree,Trichoderma_reesei_rut_c_30.TrireRUTC30_1,Trichoderma reesei RUT C-30,578,1000750,0.58
1344416,Gpro,Gonapodya_prolifera_jel478.Ganpr1,Gonapodya prolifera JEL478,3724,781970,4.76
1355161,Zbai,Zygosaccharomyces_bailii_isa1307.Z_bailii_ISA1307_version_3,Zygosaccharomyces bailii ISA1307,6,935720,0.01
1356009,Bspe,Byssochlamys_spectabilis_no_5.PVAR5_assembly01,Byssochlamys spectabilis No. 5,722,1061080,0.68
1358809,Slop,Spraguea_lophii_42_110.Sprlop1.0,Spraguea lophii 42_110,0,147222,0.00
1365824,Kbra,Kalmanozyma_brasiliensis_ghg001.PSEUBRA1,Kalmanozyma brasiliensis GHG001,91,1064273,0.09
1382522,Kcap,Kuraishia_capsulata_cbs_1993.AUH_PRJEB4427_v1,Kuraishia capsulata CBS 1993,45,938630,0.05
1388766,Arub,Aspergillus_ruber_cbs_135680.Eurhe1,Aspergillus ruber CBS 135680,632,1012108,0.62
1391700,Maph,Moesziomyces_aphidis_dsm_70725.PseuAph1.0,Moesziomyces aphidis DSM 70725,105,994507,0.11
1391915,Ssch,Sporothrix_schenckii_atcc_58251.Spor_sche_ATCC58251_V1,Sporothrix schenckii ATCC 58251,364,1086197,0.34
1398154,Sbra,Sporothrix_brasiliensis_5110.S_brasiliensis_5110_v1,Sporothrix brasiliensis 5110,340,1068343,0.32
1403190,Apar,Aspergillus_parasiticus_su_1.ASM95608v1,Aspergillus parasiticus SU-1,567,811764,0.70
1408163,Reme,Rasamsonia_emersonii_cbs_393_64.ASM96859v1,Rasamsonia emersonii CBS 393.64,710,1052496,0.67
1432307,Sbor,Sclerotinia_borealis_f_4157.SBOR_1,Sclerotinia borealis F-4128,598,1051169,0.57
1442369,Rmac,Rhinocladiella_mackenziei_cbs_650_93.Rhin_mack_CBS_650_93_V1,Rhinocladiella mackenziei CBS 650.93,395,1041973,0.38
146866,Pneu,Pseudoloma_neurophilia.ASM143216v1,Pseudoloma neurophilia,0,104257,0.00
1509407,Anom,Aspergillus_nomius_nrrl_13137.ASM120477v1,Aspergillus nomius NRRL 13137,750,1040828,0.72
1531966,Them,Torrubiella_hemipterigena.Allpaths-LG,Torrubiella hemipterigena,428,1014044,0.42
158046,Pchl,Phaeomoniella_chlamydospora.UCRPA7V1.0,Phaeomoniella chlamydospora,451,1002696,0.45
1664694,Patt,Phialophora_attae.ASM129925v1,Phialophora attae,431,984587,0.44
183478,Slyv,Stemphylium_lycopersici.ASM119154v1,Stemphylium lycopersici,602,1153400,0.52
1882483,Tcyp,Testicularia_cyperi,Testicularia cyperi,126,1054547,0.12
212818,Emes,Exophiala_mesophila.Exop_meso_CBS40295_V1,Exophiala mesophila,401,1038434,0.39
215250,Aing,Acaromyces_ingoldii,Acaromyces ingoldii,1091,1001774,1.09
221103,Mror,Moniliophthora_roreri.ASM146670v1,Moniliophthora roreri,3564,1029402,3.46
226230,Skud,Saccharomyces_kudriavzevii_ifo_1802.Saccharomyces_kudriavzevii_strain_IFO1802_v1.0,Saccharomyces kudriavzevii IFO 1802,0,472743,0.00
227321,Anid,Aspergillus_nidulans.ASM1142v1,Aspergillus nidulans FGSC A4,737,999377,0.74
229535,Pnor,Penicillium_nordicum.ASM127859v1,Penicillium nordicum,673,1017176,0.66
235443,Cneo,Cryptococcus_neoformans_var_grubii_h99.CNA3,Cryptococcus neoformans var. grubii H99,3692,1045842,3.53
237561,Calb,Candida_albicans_sc5314.ASM18296v2,Candida albicans SC5314,0,949791,0.00
237631,Umay,Ustilago_maydis.Umaydis521_2.0,Ustilago maydis 521,85,1130127,0.08
240176,Ccin,Coprinopsis_cinerea_okayama7_130.CC3,Coprinopsis cinerea okayama7#130,3339,1019903,3.27
242507,Pory,Magnaporthe_oryzae.MG8,Pyricularia oryzae 70-15,577,1040941,0.55
246409,Rdel,Rhizopus_delemar_ra_99_880.RO3,Rhizopus delemar RA 99-880,1707,796277,2.14
253628,Vgall,Verruconis_gallopava.O_gall_CBS43764,Verruconis gallopava,744,1032483,0.72
268505,Ouni,Ophiocordyceps_unilateralis.ASM127257v1,Ophiocordyceps unilateralis,551,1042769,0.53
273371,Corth,Candida_orthopsilosis_co_90_125.ASM31587v1,Candida orthopsilosis,13,973546,0.01
27342,Spar,Schizopora_paradoxa.Schpa1,Schizopora paradoxa,3541,995909,3.56
27349,Psor,Puccinia_sorghi.ASM126337v1,Puccinia sorghi,2800,1014694,2.76
284591,Ylip,Yarrowia_lipolytica.GCA_000002525.1,Yarrowia lipolytica CLIB122,53,954919,0.06
284592,Dhan,Debaryomyces_hansenii_cbs767.ASM644v2,Debaryomyces hansenii CBS767,22,987354,0.02
284813,Ecun,Encephalitozoon_cuniculi_gb_m1.ASM9122v1,Encephalitozoon cuniculi GB-M1,0,206039,0.00
28573,Tisl,Talaromyces_islandicus.PIS,Talaromyces islandicus,775,1068251,0.73
293939,Alen,Aspergillus_lentulus.Alt_assembly01,Aspergillus lentulus,729,1042895,0.70
294746,Meygui,Meyerozyma_guilliermondii_atcc_6260.ASM14942v1,Meyerozyma guilliermondii ATCC 6260,0,919052,0.00
294747,Ctro,Candida_tropicalis_mya_3404.ASM633v2,Candida tropicalis MYA-3404,1,932109,0.00
306901,Cglo,Chaetomium_globosum_cbs_148_51.ASM14336v1,Chaetomium globosum CBS 148.51,659,986921,0.67
306902,Clus,Clavispora_lusitaniae_atcc_42720.ASM383v1,Clavispora lusitaniae ATCC 42720,1,909810,0.00
308745,Aram,Aspergillus_rambellii.ASM98664v1,Aspergillus rambellii,743,1040400,0.71
321146,Peum,Mycosphaerella_eumusae.ASM157823v1,Pseudocercospora eumusae,335,1025531,0.33
321614,Pnod,Phaeosphaeria_nodorum.ASM14691v1,Parastagonospora nodorum SN15,601,994569,0.60
322104,Ssti,Scheffersomyces_stipitis_cbs_6054.ASM20916v1,Scheffersomyces stipitis CBS 6054,46,941429,0.05
331117,Afis,Neosartorya_fischeri.CADRE,Aspergillus fischeri NRRL 181,934,997953,0.94
332952,Afla,Aspergillus_flavus.JCVI-afl1-v2.0,Aspergillus flavus NRRL3357,699,956285,0.73
334819,Fver,Fusarium_verticillioides.ASM14955v1,Fusarium verticillioides 7600,535,965446,0.55
336722,Ztri,Zymoseptoria_tritici.MG2,Zymoseptoria tritici IPO323,393,964033,0.41
336963,Uree,Uncinocarpus_reesii_1704.ASM351v2,Uncinocarpus reesii 1704,740,987660,0.75
341663,Aterr,Aspergillus_terreus.CADRE,Aspergillus terreus NIH2624,712,1020992,0.70
344612,Acla,Aspergillus_clavatus.CADRE,Aspergillus clavatus NRRL 1,978,1011009,0.97
348802,Exen,Exophiala_xenobiotica.Exop_xeno_CBS118157_V1,Exophiala xenobiotica,430,1040436,0.41
35722,Ppar,Parasitella_parasitica.PP.v1,Parasitella parasitica,1695,952487,1.78
367110,Ncra,Neurospora_crassa.NC12,Neurospora crassa OR74A,507,1060569,0.48
379508,Lelo,Lodderomyces_elongisporus_nrrl_yb_4239.ASM14968v1,Lodderomyces elongisporus NRRL YB-4239,2,954105,0.00
383855,Pfij,Pseudocercospora_fijiensis_cirad86.Mycfi2,Pseudocercospora fijiensis CIRAD86,359,985942,0.36
39416,Tmel,Tuber_melanosporum.ASM15164v1,Tuber melanosporum,1811,927012,1.95
398673,Tgam,Trichoderma_gamsii.ASM148177v1,Trichoderma gamsii,576,1020754,0.56
401625,Cbom,Ceraceosorus_bombacis.Ceraceosorus_bombacis,Ceraceosorus bombacis,2077,1025513,2.03
402676,Sjap,Schizosaccharomyces_japonicus.GCA_000149845.2,Schizosaccharomyces japonicus yFS275,368,842025,0.44
40302,Ncer,Nosema_ceranae.ASM98816v1,Nosema ceranae,0,162500,0.00
413071,Tvir,Trichoderma_virens.ASM17099v1,Trichoderma virens Gv29-8,579,1014981,0.57
420778,Dser,Diplodia_seriata.UCDDS831v0.1,Diplodia seriata,741,901247,0.82
425011,Anig,Aspergillus_niger.ASM285v2,Aspergillus niger CBS 513.88,718,983771,0.73
426418,Ptri,Pyrenophora_triticirepentis.GCA_000149985.1,Pyrenophora tritici-repentis Pt-1C-BFP,639,1000726,0.64
436907,Vpol,Vanderwaltozyma_polyspora_dsm_70294.ASM15003v1,Vanderwaltozyma polyspora DSM 70294,3,878218,0.00
441959,Tsti,Talaromyces_stipitatus_atcc_10500.JCVI-TSTA1-3.0,Talaromyces stipitatus ATCC 10500,792,1049917,0.75
447095,Bder,Blastomyces_dermatitidis_atcc_26199.BD_ATCC26199_V2,Blastomyces dermatitidis ATCC 26199,766,1051021,0.73
45286,Esin,Eremothecium_sinecaudum.ASM154855v1,Eremothecium sinecaudum,5,894775,0.01
454130,Acal,Aspergillus_calidoustus.Acal_Allpaths_LG,Aspergillus calidoustus,707,1004300,0.70
454284,Cpos,Coccidioides_posadasii_rmscc_3488.ASM15005v1,Coccidioides posadasii RMSCC 3488,789,1002925,0.79
454286,Coimm,Coccidioides_immitis_rmscc_3703.ASM15008v1,Coccidioides immitis RMSCC 3703,785,811921,0.97
481877,Ebie,Enterocytozoon_bieneusi_h348.ASM20948v1,Enterocytozoon bieneusi H348,0,109736,0.00
486041,Lbic,Laccaria_bicolor_s238n_h82.V1.0,Laccaria bicolor S238N-H82,3436,830262,4.14
48691,Nirr,Neolecta_irregularis,Neolecta irregularis,2131,712362,2.99
4896,Spom,Schizosaccharomyces_pombe.ASM294v2,Schizosaccharomyces pombe,322,857302,0.38
49012,Ssci,Sporisorium_scitamineum.Sporisorium_scitamineum,Sporisorium scitamineum,138,1044359,0.13
4903,Cjad,Cyberlindnera_jadinii.cj1,Cyberlindnera jadinii,37,743226,0.05
4909,Pkud,Pichia_kudriavzevii.ASM76445v1,Pichia kudriavzevii,63,926970,0.07
498019,Caur,Candida_auris.ASM118947v1,Candida auris,0,884622,0.00
498257,Vdah,Verticillium_dahliae.ASM15067v2,Verticillium dahliae VdLs.17,604,999185,0.60
5005,Ssal,Sporidiobolus_salmonicolor.SPOSA68321A01,Sporidiobolus salmonicolor,3438,931878,3.69
5011,Tdef,Taphrina_deformans,Taphrina deformans,138,347620,0.40
5127,Ffuj,Fusarium_fujikuroi_gca_001023065.ASM102306v1,Fusarium fujikuroi,524,999003,0.52
515849,Pans,Podospora_anserina_s_mat_.ASM22654v1,Podospora anserina S mat+,493,1022223,0.48
52586,Enec,Erysiphe_necator.ASM79871v1,Erysiphe necator,545,920044,0.59
526221,Valf,Verticillium_alfalfae_vams_102.ASM15082v1,Verticillium alfalfae VaMs.102,649,874316,0.74
5407,Evac,Exobasidium_vaccinii,Exobasidium vaccinii,895,914189,0.98
5421,Xden,Xanthophyllomyces_dendrorhous.Xden1,Xanthophyllomyces dendrorhous,5099,1045523,4.88
544712,Hcap,Histoplasma_capsulatum_h143.ASM15103v1,Histoplasma capsulatum H143,772,921904,0.84
546991,Bgra,Blumeria_graminis.EF1,Blumeria graminis f. sp. hordei DH14,581,970264,0.60
5518,Fgra,Fusarium_graminearum_gca_000599445.CS3005v1,Fusarium graminearum,518,1027010,0.50
554155,Mcan,Arthroderma_otae_cbs_113480.ASM15114v1,Microsporum canis CBS 113480,726,1018288,0.71
554373,Mper,Moniliophthora_perniciosa_fa553.ASM18302v1,Moniliophthora perniciosa FA553,775,173946,4.46
5544,Thar,Trichoderma_harzianum.ASM98886v1,Trichoderma harzianum,563,1033094,0.54
559292,Scer,Saccharomyces_cerevisiae.R64-1-1,Saccharomyces cerevisiae S288C,7,942293,0.01
559295,Lthe,Lachancea_thermotolerans_cbs_6340.ASM14280v1,Lachancea thermotolerans CBS 6340,10,935024,0.01
559304,Mfar,Millerozyma_farinosa_cbs_7064.ASM31589v1,Millerozyma farinosa CBS 7064,15,979503,0.02
563466,Sapi,Scedosporium_apiospermum.ScApio1.0,Scedosporium apiospermum,600,950183,0.63
5643,Tcin,Trametes_cinnabarina.BN946,Trametes cinnabarina,3223,975330,3.30
56484,Plac,Protomyces_lactucaedebilis,Protomyces lactucaedebilis,221,701699,0.31
573826,Cdub,Candida_dubliniensis_cd36.ASM2694v1,Candida dubliniensis CD36,12,981945,0.01
578455,Tter,Thielavia_terrestris_nrrl_8126.ASM22611v1,Thermothielavioides terrestris NRRL 8126,677,1023749,0.66
578458,Scom,Schizophyllum_commune_h4_8.v1.0,Schizophyllum commune H4-8,3249,918298,3.54
578461,Nbom,Nosema_bombycis_cq1.NosBomCQ1_v1.0,Nosema bombycis CQ1,7,114412,0.06
578462,Amac,Allomyces_macrogynus_atcc_38327.A_macrogynus_V3,Allomyces macrogynus ATCC 38327,1205,830567,1.45
58627,Dfab,Debaryomyces_fabryi.debFab1.0,Debaryomyces fabryi,11,964902,0.01
58919,Twas,Tilletiopsis_washingtonensis,Tilletiopsis washingtonensis,2619,996402,2.63
590646,Yten,Candida_tenuis_atcc_10573.Candida_tenuis_v1_0,Yamadazyma tenuis ATCC 10573,37,862379,0.04
599839,Frad,Fibroporia_radiculosa.ASM31352v1,Fibroporia radiculosa,3604,1002612,3.59
60172,Psol,Penicillium_solitum.ASM95277v1,Penicillium solitum,663,1019053,0.65
619300,Spass,Spathaspora_passalidarum_nrrl_y_27907.Spathaspora_passalidarum_v2_0,Spathaspora passalidarum NRRL Y-27907,33,912526,0.04
630390,Ptri,Puccinia_triticina.ASM15152v1,Puccinia triticina 1-1 BBBD Race 1,2680,892430,3.00
644223,Kpha,Komagataella_pastoris.GCA_000027005.1,Komagataella phaffii GS115,31,914080,0.03
644352,Gtri,Gaeumannomyces_graminis.Gae_graminis_V2,Gaeumannomyces tritici R3-111a-1,556,1048844,0.53
644358,Mpoa,Magnaporthe_poae.Mag_poae_ATCC_64411_V1,Magnaporthiopsis poae ATCC 64411,584,886563,0.66
645134,Spun,Spizellomyces_punctatus_daom_br117.S_punctatus_V1,Spizellomyces punctatus DAOM BR117,3373,927319,3.64
647933,Tton,Trichophyton_tonsurans_cbs_112818.ASM15145v1,Trichophyton tonsurans CBS 112818,735,1000947,0.73
650164,Pcar,Phanerochaete_carnosa_hhb_10118_sp.Phanerochaete_carnosa_HHB-10118-Sp_v1_0,Phanerochaete carnosa HHB-10118-sp,3101,927055,3.35
653667,Scry,Schizosaccharomyces_cryophilus.GCA_000004155.2,Schizosaccharomyces cryophilus OY26,361,852458,0.42
655819,Bbass,Beauveria_bassiana_arsef_2860.ASM28067v1,Beauveria bassiana ARSEF 2860,436,1039312,0.42
655863,Gcla,Grosmannia_clavigera_kw1407.Sanger-454-IlluminaPA_2.0,Grosmannia clavigera kw1407,555,1080673,0.51
660122,Nhae,Fusarium_solani.v2.0,Nectria haematococca mpVI 77-13-4,553,1011833,0.55
663202,Tver,Trichophyton_verrucosum_hki_0517.ASM15150v1,Trichophyton verrucosum HKI 0517,561,1010352,0.56
663331,Tben,Arthroderma_benhamiae_cbs_112371.ASM15112v2,Trichophyton benhamiae CBS 112371,550,1009868,0.54
664439,Pinv,Paxillus_involutus_atcc_200175.Paxillus_involutus_ATCC_200175_v1_0,Paxillus involutus ATCC 200175,1582,382070,4.14
665079,Sscl,Sclerotinia_sclerotiorum.ASM14694v1,Sclerotinia sclerotiorum 1980 UF-70,421,681317,0.62
670483,Gtra,Gloeophyllum_trabeum_atcc_11539.Glotr1_1,Gloeophyllum trabeum ATCC 11539,3593,956510,3.76
671144,Wmel,Wallemia_mellicola_cbs_633_66.Wallemia_sebi_v1_0,Wallemia mellicola CBS 633.66,1540,825708,1.87
675120,Dsep,Dothistroma_septosporum.GCA_000340195.1,Dothistroma septosporum NZE10,360,1005326,0.36
683840,Mlyc,Microbotryum_violaceum.GCA_000166175.1,Microbotryum lychnidis-dioicae p1A1 Lamole,2982,1076545,2.77
692275,Smus,Sphaerulina_musiva_so2202.Septoria_musiva_SO2202_v1_0,Sphaerulina musiva SO2202,360,1013775,0.36
698492,Scom,Saitoella_complicata_nrrl_y_17804.Scomplicata_3.0,Saitoella complicata NRRL Y-17804,457,1072622,0.43
708197,Ctof,Colletotrichum_tofieldiae.Ct0861v1,Colletotrichum tofieldiae,505,1012629,0.50
717646,Bpan,Baudoinia_panamericana_uamh_10762.Bauco1,Baudoinia panamericana UAMH 10762,338,991199,0.34
72032,Tpun,Thielaviopsis_punctulata.ASM96861v1,Thielaviopsis punctulata,451,993499,0.45
72359,Thom,Trachipleistophora_hominis.ASM31613v1,Trachipleistophora hominis,0,131809,0.00
732165,Dsqu,Dichomitus_squalens_lyad_421_ss1.Dichomitus_squalens_v1_0,Dichomitus squalens LYAD-421 SS1,1498,455130,3.29
743788,Fpin,Fomitopsis_pinicola_fp_58527_ss1.Fompi3,Fomitopsis pinicola FP-58527 SS1,3473,991513,3.50
745531,Pgig,Phlebiopsis_gigantea_11061_1_cr5_6.Phlgi1,Phlebiopsis gigantea 11061_1 CR5-6,3484,951967,3.66
747089,Rirr,Rhizophagus_irregularis_daom_181602.Gloin1,Rhizophagus irregularis DAOM 181602=DAOM 197198,3112,756199,4.12
747525,Hirr,Heterobasidion_irregulare_tc_32_1.Heterobasidion_irregulare_v2_0,Heterobasidion irregulare TC 32-1,3678,953506,3.86
747676,Mlar,Melampsora_laricipopulina.GCA_000204055.1,Melampsora larici-populina 98AG31,3153,879548,3.58
756982,Aoli,Arthrobotrys_oligospora_atcc_24927.AOL24927_1_0,Arthrobotrys oligospora ATCC 24927,1403,1025390,1.37
759272,Cthe,Chaetomium_thermophilum_var_thermophilum_dsm_1495.CTHT_3.0,Chaetomium thermophilum var. thermophilum DSM 1495,599,1052562,0.57
764103,Mosm,Mixia_osmundae_iam_14324_gca_000708205.Mixia_osmundae_v1_0,Mixia osmundae IAM 14324,2336,1052488,2.22
765440,Pcro,Piloderma_croceum_f_1598.Piloderma_croceum_F_1598_v1_0,Piloderma croceum F 1598,3807,975113,3.90
766039,Aric,Acidomyces_richmondensis_bfw.Acidomyces_richmondensis_BFW_v1_0,Acidomyces richmondensis BFW,336,1002406,0.34
76773,Mglo,Malassezia_globosa,Malassezia globosa,179,803495,0.22
77020,Mpac,Malassezia_pachydermatis.MalaPachy,Malassezia pachydermatis,357,894243,0.40
77044,Rnec,Rosellinia_necatrix.ASM144559v1,Rosellinia necatrix,632,801708,0.79
78410,Ndit,Neonectria_ditissima.R0905_v2.0,Neonectria ditissima,543,1064197,0.51
796925,Ccor,Conidiobolus_coronatus_nrrl_28638.Conidiobolus_coronatus_NRRL28638,Conidiobolus coronatus NRRL 28638,1180,696261,1.69
80884,Chig,Colletotrichum_higginsianum.GCA_000313795.2,Colletotrichum higginsianum,558,904067,0.62
84746,Mend,Melanotaenium_endogenum,Melanotaenium endogenum,749,986879,0.76
84753,Mant,Moesziomyces_antarcticus.ASM74776v1,Moesziomyces antarcticus,85,849445,0.10
861557,Pter,Pyrenophora_teres.GCA_000166005.1,Pyrenophora teres f. teres 0-1,632,1040964,0.61
871575,Opar,Ogataea_parapolymorpha_dl_1.Hansenula_2,Ogataea parapolymorpha DL-1,17,898057,0.02
876142,Eint,Encephalitozoon_intestinalis_atcc_50506.ASM14646v1,Encephalitozoon intestinalis ATCC 50506,0,206727,0.00
88771,Cpla,Ceratocystis_platani.ASM97888v1,Ceratocystis platani,500,891589,0.56
907965,Ehel,Encephalitozoon_hellem_atcc_50504.ASM27781v3,Encephalitozoon hellem ATCC 50504,0,210669,0.00
911162,Osin,Ophiocordyceps_sinensis_co18.ASM44836v1,Ophiocordyceps sinensis CO18,474,769950,0.62
914234,Gsub,Gelatoporia_subvermispora_b.Ceriporiopsis_subvermispora_B_v1_0,Gelatoporia subvermispora B,3556,951117,3.74
91928,Espi,Exophiala_spinifera.Exop_spin_CBS89968_V1,Exophiala spinifera,409,1038353,0.39
930090,Bory,Bipolaris_oryzae_atcc_44560.Cochliobolus_miyabeanus_v1_0,Bipolaris oryzae ATCC 44560,648,1008773,0.64
930990,Bbot,Botryobasidium_botryosum_fd_172_ss1.Botbo1,Botryobasidium botryosum FD-172 SS1,4304,977680,4.40
933084,Jarg,Jaapia_argillacea_mucl_33604.Jaaar1,Jaapia argillacea MUCL 33604,3875,1001736,3.87
933388,Poxa,Penicillium_oxalicum_114_2.pde_v1.0,Penicillium oxalicum 114-2,699,1028011,0.68
936046,Abis,Agaricus_bisporus_var_bisporus_h97.Agabi_varbisH97_2,Agaricus bisporus var. bisporus H97,3570,955732,3.74
936435,Slac,Serpula_lacrymans_var_lacrymans_s7_3.v1.0,Serpula lacrymans var. lacrymans S7.3,3769,927542,4.06
944289,Glux,Gymnopus_luxurians_fd_317_m1.Gymlu1,Gymnopus luxurians FD-317 M1,2057,513275,4.01
945553,Hsub,Hypholoma_sublateritium_fd_334_ss_4.Hypsu1,Hypholoma sublateritium FD-334 SS-4,3595,980421,3.67
946122,Amus,Amanita_muscaria_koide_bx008.Amanita_muscaria_Koide_BX008_v1_0,Amanita muscaria Koide BX008,3684,977071,3.77
948595,Vcul,Vavraia_culicis_subsp_floridensis.Vavr_culi_floridensis_V1,Vavraia culicis subsp. floridensis,0,154218,0.00
983644,Cmil,Cordyceps_militaris_cm01.CmilitarisCM01_v01,Cordyceps militaris CM01,432,1033956,0.42
98403,Dcon,Drechmeria_coniospora.ASM162519v1,Drechmeria coniospora,553,1049421,0.53
985895,Lmac,Leptosphaeria_maculans.ASM23037v1,Leptosphaeria maculans JN3,652,1050683,0.62
988480,Rall,Rozella_allomycis_csf55.Rozella_k41_t100,Rozella allomycis CSF55,1512,547516,2.76
990650,Sste,Sphaerobolus_stellatus_ss14.Sphst1,Sphaerobolus stellatus SS14,2233,478612,4.67
993615,Vcor,Vittaforma_corneae_atcc_50505.Vitt_corn_V1,Vittaforma corneae ATCC 50505,0,130804,0.00
994086,Hpin,Hydnomerulius_pinastri_md_312.Hydpi2,Hydnomerulius pinastri MD-312,1796,484694,3.71
999809,Srei,Sporisorium_reilianum.GCA_000230245.1,Sporisorium reilianum SRZ2,107,1135297,0.09
9606,Hsap,Homo_sapiens.GRCh38,Homo sapiens,2346,369001,6.36
675824,Lsta,Lipomyces_starkeyi_nrrl_y_11557_gca_001661325.Lipst1_1,Lipomyces starkeyi NRRL Y-11557,1144,912178,1.25
691883,Falb,Fonticula_alba_gca_000388065.Font_alba_ATCC_38817_V2,Fonticula alba,1324,572748,2.31
1130832,Rtor,Rhodotorula_toruloides_np11.RHOziaDV1.0,Rhodotorula toruloides NP11,3782,1052004,3.60
